<?xml version="1.0" encoding="UTF-8"?>
<beans xmlns="http://www.springframework.org/schema/beans"
	xmlns:xsi="http://www.w3.org/2001/XMLSchema-instance"
	xsi:schemaLocation="http://www.springframework.org/schema/beans
	http://www.springframework.org/schema/beans/spring-beans-2.5.xsd">

	<import resource="applicationContext_dao.xml"/>
	<bean id="orderService" class="ron.admin.serviceImp.OrderServiceImp">
		<property name="orderHbm" ref="orderHbm"></property>
	</bean>
	<bean id="adminService" class="ron.admin.serviceImp.AdminServiceImp">
		<property name="admDao" ref="admDao"></property>
	</bean>
	<bean id="sceneryDetailService" class="ron.admin.serviceImp.SceneryDetailServiceImp">
		<property name="sdDao" ref="sdDao"></property>
	</bean>
		<bean id="sceneryService" class="ron.admin.serviceImp.SceneryServiceImp">
		<property name="sDao" ref="sDao"></property>
	</bean>
</beans>
