<?xml version="1.0" encoding="UTF-8"?>
<beans xmlns="http://www.springframework.org/schema/beans"
	xmlns:xsi="http://www.w3.org/2001/XMLSchema-instance"
	xsi:schemaLocation="http://www.springframework.org/schema/beans
	http://www.springframework.org/schema/beans/spring-beans-2.5.xsd">

	<import resource="applicationContext.xml"/>
	<bean id="orderHbm" class="ron.admin.daoImp.OrderHbmImp">
		<property name="sessionFactory" ref="sessionFactory"></property>
	</bean>
	<bean id="admDao" class="ron.admin.daoImp.AdminDaoImp">
		<property name="sessionFactory" ref="sessionFactory"></property>
	</bean>
	<bean id="sdDao" class="ron.admin.daoImp.SceneryDetailDaoImp">
		<property name="sessionFactory" ref="sessionFactory"></property>
	</bean>
		<bean id="sDao" class="ron.admin.daoImp.SceneryDaoImp">
		<property name="sessionFactory" ref="sessionFactory"></property>
	</bean>
</beans>
