<?xml version="1.0" encoding="UTF-8"?>
<beans xmlns="http://www.springframework.org/schema/beans"
	xmlns:xsi="http://www.w3.org/2001/XMLSchema-instance"
	xsi:schemaLocation="http://www.springframework.org/schema/beans
	http://www.springframework.org/schema/beans/spring-beans-2.5.xsd">
	
	<!-- 加载Hibernate配置 -->
	<bean id="sessionFactory"
		class="org.springframework.orm.hibernate3.LocalSessionFactoryBean">
		<property name="configLocation">
			<value>classpath:hibernate.cfg.xml</value>
		</property>
	</bean>
	<!-- 事务管理器 -->
	<bean id="transactionManager"
		class="org.springframework.orm.hibernate3.HibernateTransactionManager">
		<property name="sessionFactory" ref="sessionFactory" />
	</bean>
	<!-- 事务拦截器 -->
	<bean id="transactionInterceptor"
		class="org.springframework.transaction.interceptor.TransactionInterceptor">
		<!-- 事务连接器 需要注入一个事务管理器 -->
		<property name="transactionManager" ref="transactionManager" />
		<!-- 事务策略 -->
		<property name="transactionAttributes">
			<props>
				<prop key="*">PROPAGATION_REQUIRED</prop>
			</props>
		</property>
	</bean>
	<!--BeanNameAutoProxyCreator 该bean无需被引用 ，所以没有id属性, 配置声明式事务 -->
	<bean
		class="org.springframework.aop.framework.autoproxy.BeanNameAutoProxyCreator">
		<!-- 指定对哪些ben生成业务代理 事务的边界 -->
		<property name="beanNames">
			<list>
				<value>*Service</value>
			</list>
		</property>
		<!-- 事务拦截 -->
		<property name="interceptorNames">
			<list>
				<value>transactionInterceptor</value>
			</list>
		</property>
	</bean>
</beans>
