<?xml version="1.0" encoding="utf-8"?>
<!DOCTYPE hibernate-configuration PUBLIC "-//Hibernate/Hibernate Configuration DTD 3.0//EN"
"http://hibernate.sourceforge.net/hibernate-configuration-3.0.dtd">
<hibernate-configuration>
	<session-factory>
		<property name="dialect">
			org.hibernate.dialect.OracleDialect
		</property>
		<property name="connection.url">
			jdbc:oracle:thin:@localhost:1521:orcl
		</property>
		<property name="connection.username">
			scott
		</property>
		<property name="connection.password">
			tiger
		</property>
		<property name="connection.driver_class">
			oracle.jdbc.driver.OracleDriver
		</property>
		<property name="show_sql">
			true
		</property>
		<mapping resource="ron/admin/model/Ron_Order.hbm.xml" />
		<mapping resource="ron/admin/model/Adm_info.hbm.xml" />
		<mapping resource="ron/admin/model/Ron_Scenery.hbm.xml" />
		<mapping resource="ron/admin/model/Ron_SceneryDetail.hbm.xml" />
	</session-factory>
</hibernate-configuration>