<?xml version="1.0" encoding="UTF-8"?>
<!DOCTYPE hibernate-mapping PUBLIC "-//Hibernate/Hibernate Mapping DTD 3.0//EN"
"http://hibernate.sourceforge.net/hibernate-mapping-3.0.dtd">
<!-- 
    Mapping file autogenerated by MyEclipse Persistence Tools
-->
<hibernate-mapping>
      <!--类class和表table的关系-->
	<class name="ron.admin.model.Adm_info" table="adm_info">
		<!--字段和属性的关系      id主键关系  name:属性 column:字段  type:字段和属性的数据类型-->
	   <id name="adm_num" column="adm_num" type="java.lang.Integer">
            <generator class="assigned"/>
        </id>
		<!--字段和属性的关系-->
        <property name="adm_pwd" type="java.lang.String" column="adm_pwd"/>
        <property name="adm_name" type="java.lang.String">
            <column name="adm_name"></column>
        </property>
        <property name="adm_sex" type="java.lang.String">
            <column name="adm_sex"></column>
        </property>
        <property name="adm_deptno" type="java.lang.Integer">
            <column name="adm_deptno"></column>
        </property>
        <property name="adm_date" type="java.lang.String">
            <column name="adm_date"></column>
        </property> 
        <property name="adm_lv" type="java.lang.Integer">
            <column name="adm_lv"></column>
        </property>  
        <property name="adm_phone" type="java.lang.String">
            <column name="adm_phone"></column>
        </property>  
        <property name="adm_email" type="java.lang.String">
            <column name="adm_email"></column>
        </property>   
        <property name="adm_state" type="java.lang.String">
            <column name="adm_state"></column>
        </property>                           
    </class>
</hibernate-mapping>