<?xml version="1.0" encoding="UTF-8"?>
<!DOCTYPE hibernate-mapping PUBLIC "-//Hibernate/Hibernate Mapping DTD 3.0//EN"
"http://hibernate.sourceforge.net/hibernate-mapping-3.0.dtd">
<!-- Mapping file autogenerated by MyEclipse Persistence Tools -->
<hibernate-mapping>
	<!--类class和表table的关系 -->
	<class name="ron.admin.model.SceneryDetail" table="myscenerydetail">
		<!--字段和属性的关系 id主键关系 name:属性 column:字段 type:字段和属性的数据类型 -->
		<id name="sd_id" column="sd_id" type="java.lang.Integer">
			<generator class="assigned" />
		</id>
		<!--字段和属性的关系 -->
		<property name="sd_name" type="java.lang.String" column="sd_name" />
		<property name="sd_price" type="java.lang.Integer" column="sd_price" />
		<property name="sd_runTime" type="java.lang.String" column="sd_runTime" />
		<property name="sd_mark" type="java.lang.Double" column="sd_mark" />
		<property name="sd_tickets" type="java.lang.Integer" column="sd_tickets" />
		<property name="sd_loc" type="java.lang.String" column="sd_loc" />
		<property name="sd_image" type="java.lang.String" column="sd_image" />
		<property name="sd_info" type="java.lang.String" column="sd_info" />
		<property name="sd_travelTime" type="java.lang.String" column="sd_travelTime" />



	</class>
</hibernate-mapping>