<?xml version="1.0" encoding="UTF-8"?>
<!DOCTYPE hibernate-mapping PUBLIC "-//Hibernate/Hibernate Mapping DTD 3.0//EN"
"http://hibernate.sourceforge.net/hibernate-mapping-3.0.dtd">
<!-- 
    Mapping file autogenerated by MyEclipse Persistence Tools
-->
<hibernate-mapping>
      <!--类class和表table的关系-->
	<class name="ron.admin.model.Ron_Order" table="myorder">
		<!--字段和属性的关系      id主键关系  name:属性 column:字段  type:字段和属性的数据类型-->
	   <id name="o_id" column="o_id" type="java.lang.Integer">
            <generator class="assigned"/>
        </id>
		<!--字段和属性的关系-->
        <property name="o_sid" type="java.lang.Integer" column="o_sid"/>
        <property name="o_sname" type="java.lang.String">
            <column name="o_sname"></column>
        </property>
        <property name="o_uid" type="java.lang.Integer">
            <column name="o_uid"></column>
        </property>
        <property name="o_uname" type="java.lang.String">
            <column name="o_uname"></column>
        </property>
        <property name="o_state" type="java.lang.String">
            <column name="o_state"></column>
        </property> 
        <property name="o_duedate" type="java.lang.String">
            <column name="o_duedate"></column>
        </property>  
               
    </class>
</hibernate-mapping>